<?xml version="1.0" encoding="UTF-8"?>
<beans xmlns="http://www.springframework.org/schema/beans"
        xmlns:xsi="http://www.w3.org/2001/XMLSchema-instance"
        xmlns:context="http://www.springframework.org/schema/context"
        xmlns:aop="http://www.springframework.org/schema/aop"
        xmlns:tx="http://www.springframework.org/schema/tx" 
        xsi:schemaLocation="http://www.springframework.org/schema/beans 
        http://www.springframework.org/schema/beans/spring-beans.xsd
        http://www.springframework.org/schema/tx 
        http://www.springframework.org/schema/tx/spring-tx.xsd
        http://www.springframework.org/schema/aop 
        http://www.springframework.org/schema/aop/spring-aop.xsd
        http://www.springframework.org/schema/context
        http://www.springframework.org/schema/context/spring-context.xsd"> 
      
      <bean id="LinkManAction" class="cn.wjb.action.LinkManAction" scope="prototype">
      	<property name="linmanService" ref="LinkManService"></property>
      	<property name="customerService" ref="customerService"></property>
      </bean>
	
	  <bean id="LinkManService" class="cn.wjb.service.LinkManService">
	  	<property name="linkmanDao" ref="LinkManDaoImpl"></property>
	  </bean>
	  
	  <bean id="LinkManDaoImpl" class="cn.wjb.dao.LinkManDaoImpl">
	  	<property name="sessionFactory" ref="sessionFactory"></property>
	  	<!-- <property name="hibernateTemplate" ref="hibernateTemplate"></property> -->
	  </bean>
	  
</beans>