<?xml version="1.0" encoding="UTF-8"?>
<beans xmlns="http://www.springframework.org/schema/beans"
        xmlns:xsi="http://www.w3.org/2001/XMLSchema-instance"
        xmlns:context="http://www.springframework.org/schema/context"
        xmlns:aop="http://www.springframework.org/schema/aop"
        xmlns:tx="http://www.springframework.org/schema/tx" 
        xsi:schemaLocation="http://www.springframework.org/schema/beans 
        http://www.springframework.org/schema/beans/spring-beans.xsd
        http://www.springframework.org/schema/tx 
        http://www.springframework.org/schema/tx/spring-tx.xsd
        http://www.springframework.org/schema/aop 
        http://www.springframework.org/schema/aop/spring-aop.xsd
        http://www.springframework.org/schema/context
        http://www.springframework.org/schema/context/spring-context.xsd"> 
      
      <bean id="VisitAction" class="cn.wjb.action.VisitAction" scope="prototype">
      	<property name="visitService" ref="VisitService"></property>
      	<property name="userService" ref="userService"></property>
      	<property name="customerService" ref="customerService"></property>
      </bean>
	
	  <bean id="VisitService" class="cn.wjb.service.VisitService">
	  	<property name="visitDao" ref="VisitDaoImpl"></property>
	  </bean>
	  
	  <bean id="VisitDaoImpl" class="cn.wjb.dao.VisitDaoImpl">
	  	<property name="sessionFactory" ref="sessionFactory"></property>
	  	<!-- <property name="hibernateTemplate" ref="hibernateTemplate"></property> -->
	  </bean>
	  
</beans>